{
	"face": "BigWin",
	"size": 134,
	"frameSource": "images/default.json",
    "frameFilter": "gui/fonts/big_win",
	"kerning": {
		"48": {
			"48": 6.00000000000003,
			"49": 6,
			"50": 5.00000000000003,
			"51": 10,
			"52": 4.00000000000003,
			"53": 7.99999999999997,
			"54": 7,
			"55": -2,
			"56": 5.99999999999997,
			"57": 10,
			"46": 1.00000000000001,
			"44": 2.00000000000001
		},
		"49": {
			"48": 6,
			"49": 9,
			"50": 5,
			"51": 7.99999999999997,
			"52": 5.00000000000003,
			"53": 9,
			"54": 7,
			"55": 3,
			"56": 5.99999999999997,
			"57": 8,
			"46": 6.00000000000001,
			"44": 6.00000000000001
		},
		"50": {
			"48": 3,
			"49": 6,
			"50": 4.99999999999997,
			"51": 8,
			"52": 3.00000000000003,
			"53": 8,
			"54": 1,
			"55": 3,
			"56": 4,
			"57": 5.99999999999997,
			"46": 6,
			"44": 6
		},
		"51": {
			"48": 3.00000000000003,
			"49": 6,
			"50": 2,
			"51": 7.99999999999997,
			"52": 0,
			"53": 6,
			"54": 0,
			"55": 3.00000000000003,
			"56": 2,
			"57": 6.00000000000003,
			"46": 5.99999999999999,
			"44": 5.99999999999999
		},
		"52": {
			"48": 1.00000000000003,
			"49": 0,
			"50": -1.00000000000003,
			"51": 4,
			"52": 0,
			"53": 4,
			"54": 2,
			"55": -10,
			"56": 2.00000000000003,
			"57": 2.99999999999997,
			"46": -2.99999999999999,
			"44": -3.99999999999999
		},
		"53": {
			"48": 4,
			"49": 5,
			"50": 2,
			"51": 5,
			"52": 3,
			"53": 7,
			"54": 4,
			"55": -3,
			"56": 3,
			"57": 5,
			"46": 4,
			"44": 4
		},
		"54": {
			"48": 8.99999999999997,
			"49": 7,
			"50": 5.99999999999997,
			"51": 9,
			"52": 5,
			"53": 9,
			"54": 8.00000000000003,
			"55": -1,
			"56": 7,
			"57": 8.00000000000003,
			"46": 5,
			"44": 5
		},
		"55": {
			"48": 3,
			"49": 1.99999999999997,
			"50": 1.00000000000003,
			"51": 5,
			"52": -2,
			"53": 5,
			"54": 2.8421709430404e-14,
			"55": -1,
			"56": 1.00000000000003,
			"57": 3,
			"46": -5,
			"44": -5
		},
		"56": {
			"48": 5.99999999999997,
			"49": 5,
			"50": 4,
			"51": 7.00000000000003,
			"52": 3,
			"53": 7.00000000000003,
			"54": 6,
			"55": -2,
			"56": 4.99999999999994,
			"57": 6,
			"46": 5.99999999999999,
			"44": 6.99999999999999
		},
		"57": {
			"48": 7,
			"49": 4.99999999999997,
			"50": 4,
			"51": 8.00000000000003,
			"52": 2.99999999999997,
			"53": 6.00000000000003,
			"54": 2,
			"55": 2.00000000000003,
			"56": 3.99999999999997,
			"57": 8.00000000000003,
			"46": -3,
			"44": -4.00000000000001
		},
		"46": {
			"48": 1.00000000000001,
			"49": 6.00000000000001,
			"50": 4,
			"51": 5,
			"52": 2.00000000000001,
			"53": 5.99999999999999,
			"54": 6,
			"55": -14,
			"56": 4.99999999999999,
			"57": 3,
			"46": 5.00000000000001,
			"44": 5.00000000000001
		},
		"44": {
			"48": 2.00000000000001,
			"49": 6.00000000000001,
			"50": 5,
			"51": 5.99999999999999,
			"52": 2.00000000000001,
			"53": 5.99999999999999,
			"54": 7,
			"55": -12,
			"56": 5.99999999999999,
			"57": 4,
			"46": 6.00000000000001,
			"44": 6.00000000000001
		}
	}
}
